"SYMBOL"	"energy"	"Nsites"
"FUCA2"	-16.9	1
"HS3ST1"	-17.5	1
"USP28"	-15.7	1
"CEACAM7"	-19.6	1
"GPRC5A"	-17.8	1
"COX15"	-17.4	1
"RGPD5"	-16.4	1
"SYT13"	-18.6	1
"SLC39A9"	-19.1	1
"FAM136A"	-17.5	1
"LCP2"	-16.8	1
"MRPS10"	-17.6	1
"IL1RAP"	-16.3	1
"STYK1"	-15.5	1
"GPKOW"	-17.3	1
"AQR"	-19.6	1
"REEP1"	-17.9	1
"ST6GAL1"	-20.8	1
"CA12"	-15.2	1
"CDK13"	-16.3	1
"OSBPL6"	-16.4	1
"ZNF8"	-19.8	1
"RBM22"	-15.9	1
"PDRG1"	-16.6	1
"TRMT6"	-11.6	1
"THPO"	-16.1	1
"G2E3"	-16.5	1
"TGFBR3"	-15.9	1
"EFNA2"	-13.9	1
"SNRPD3"	-17.5	1
"MAPK1"	-20.6	1
"MICALL1"	-17.8	1
"GTPBP1"	-18.2	1
"CERK"	-17.2	1
"BRD1"	-19.7	1
"SOS2"	-12.1	1
"SAMD15"	-15.7	1
"MTHFD1"	-20	2
"CSTF1"	-16.6	1
"MACROD2"	-22.6	1
"GPR50"	-16.7	1
"RP2"	-18.5	2
"NDFIP2"	-14.8	1
"PLLP"	-19.5	1
"CCL22"	-16.9	1
"KNOP1"	-18	1
"MGA"	-15.9	1
"VPS18"	-17.7	1
"EXTL3"	-20.7	1
"AGO2"	-20.8	1
"PAG1"	-18.8	2
"DECR1"	-16.5	1
"DCTN6"	-18.5	1
"TBC1D17"	-16	1
"ATP5SL"	-19.7	1
"HGF"	-17.2	1
"GTPBP10"	-15.8	2
"ITGB8"	-17.6	1
"HOXA2"	-14.4	1
"FKBP14"	-16.5	1
"GLCCI1"	-16.8	1
"CEP41"	-22.2	1
"YAE1D1"	-19.3	1
"SETX"	-17.1	2
"VIM"	-9.8	1
"CCSER2"	-18.1	1
"OBFC1"	-20.9	1
"PPIF"	-17.7	1
"NUFIP2"	-20.3	1
"CCL1"	-20.6	1
"DUSP3"	-17.1	1
"CACNG1"	-19.2	1
"RCVRN"	-20.4	1
"CD38"	-17.3	1
"PHF17"	-17.1	1
"GNRHR"	-18.1	1
"CLNK"	-16.6	1
"PANX1"	-16.6	1
"POLR3B"	-14.7	1
"CD69"	-12.4	1
"CYP27B1"	-17.2	1
"CREBL2"	-15.2	1
"ART4"	-16.6	1
"HCFC2"	-17.4	1
"CLEC4A"	-14.4	1
"GPR63"	-18.1	1
"GPLD1"	-17.2	1
"B3GAT2"	-16.7	3
"GUCA1B"	-13.6	1
"LAMA4"	-16.5	1
"PAPD7"	-18.2	1
"PCDHB15"	-16.5	2
"LNPEP"	-18.7	1
"ST8SIA4"	-16.9	1
"MSH2"	-20.4	1
"NDUFS1"	-17.3	1
"KCNJ13"	-14.4	1
"GGCX"	-16.6	1
"MOB4"	-15.8	1
"TCEANC2"	-17.5	1
"CD160"	-19.6	1
"FASTKD2"	-16.1	2
"TBPL1"	-15.1	1
"FBXO30"	-17.6	1
"TNFAIP3"	-14.5	1
"MED28"	-25.8	1
"RNF103"	-13.9	1
"PKD2"	-14.7	1
"C2orf43"	-19.8	1
"ELL2"	-15.4	1
"DDX55"	-18.2	1
"IRF2BPL"	-15.9	1
"PAPOLG"	-16	1
"ATAD2B"	-15.5	1
"YIPF4"	-18.6	1
"AFTPH"	-17.8	1
"PANK3"	-19.8	1
"MSX2"	-16.4	1
"CCDC77"	-19	1
"PFN2"	-16.7	1
"SERP1"	-15.7	1
"TBX2"	-16.8	1
"ZNF141"	-15.6	1
"TSHZ3"	-16.4	1
"PYROXD1"	-13.8	2
"NAA50"	-15.6	2
"SCRN1"	-16.7	1
"FAM149B1"	-20.7	1
"SSPN"	-20.5	1
"ACVR1C"	-16.8	1
"HAUS3"	-18.5	1
"ATP5E"	-19.4	2
"PLCG1"	-21.2	1
"RAB22A"	-18.6	3
"PTGIS"	-17.6	1
"PAIP2B"	-18.5	2
"BTN3A3"	-16.6	1
"ZNF391"	-15.7	1
"OR2B6"	-14.4	1
"SSR1"	-19.1	1
"SLC35F5"	-13.2	1
"TMX4"	-19.1	1
"PITHD1"	-17.8	1
"CCR7"	-19.7	1
"DLGAP5"	-20.4	1
"TAS2R5"	-15.7	1
"ZNF10"	-19	2
"TUBA4A"	-12.3	1
"FGL2"	-15	1
"NAA38"	-17.9	1
"DNAJB9"	-15.4	1
"ACKR4"	-15.6	1
"ERI1"	-14.6	1
"DAZL"	-15	1
"DSC2"	-17.3	1
"NALCN"	-15.5	1
"SEC14L5"	-17.1	1
"DHX40"	-15.2	1
"NCAPG"	-17.2	1
"ESYT2"	-17.9	1
"GRHL2"	-18.6	1
"SCML2"	-12.3	2
"UBE4A"	-19	1
"ZSWIM6"	-13.9	2
"ATXN10"	-14.1	1
"ZNF426"	-17.3	1
"MRPS25"	-18.2	1
"PPFIA1"	-16.5	1
"PRKAB2"	-15.7	1
"EFR3A"	-14.5	1
"PER2"	-20.7	1
"H3F3B"	-17.9	1
"MATN2"	-13.7	1
"JAG1"	-18.9	1
"BTBD3"	-16.1	1
"IGHMBP2"	-16.3	1
"BHMT2"	-18.4	1
"AP3B1"	-14.1	1
"MKRN1"	-16	1
"BTG1"	-18.5	1
"MICALCL"	-18.9	1
"HSD17B4"	-12.3	1
"TTC9"	-15.9	1
"EIF2S1"	-15.5	1
"CD180"	-18.3	1
"VHL"	-16.7	1
"CHL1"	-16.3	1
"LPIN1"	-16.7	1
"ANO3"	-18.4	1
"ITIH5"	-19.1	1
"EMP1"	-19	1
"DSG3"	-17.1	1
"DSG1"	-17.9	1
"ANXA1"	-11.5	1
"HRK"	-20.2	2
"KHDC1"	-12.5	1
"PRRG4"	-18.3	1
"ZC3H10"	-17.6	1
"KCNMB4"	-18.3	1
"CAB39"	-16.7	1
"TMEM127"	-22	1
"NUPL2"	-19.8	2
"TTC5"	-19.7	1
"CALCOCO2"	-15.7	3
"SRSF1"	-17.5	2
"TACO1"	-18.6	2
"BRIP1"	-17.7	1
"KAT7"	-18.8	1
"RNF38"	-15.4	1
"FAM65B"	-16.5	1
"FHDC1"	-18.2	1
"PI15"	-16.8	1
"SORL1"	-17.1	1
"DCUN1D5"	-20.3	2
"FDXACB1"	-16	1
"FDX1"	-18.7	1
"THBS1"	-21.8	1
"NOX5"	-20	1
"MSTN"	-17.7	1
"PPIG"	-15.6	1
"ATF7IP"	-16.9	1
"SLC16A7"	-19.6	1
"BCAT1"	-17.5	1
"IRAK3"	-18	1
"RAB21"	-17.8	2
"LRP6"	-19.5	1
"LMNB1"	-14	1
"SNCAIP"	-11.4	1
"KLF3"	-19.9	1
"DGKH"	-19.9	1
"NARG2"	-19.5	2
"GPATCH2L"	-19.9	2
"MIB1"	-16.2	1
"TMEM260"	-18.8	1
"AP5M1"	-17.7	1
"LPIN2"	-18.7	1
"ARL1"	-15.3	1
"MPP5"	-14	1
"CDK2AP1"	-13.2	1
"BLMH"	-13.3	1
"MESDC2"	-18.9	1
"NDST1"	-17.8	1
"APH1B"	-22.6	1
"RAB11A"	-17.3	1
"PIK3C3"	-16.1	2
"RAB27B"	-15.8	1
"ZDHHC2"	-16.6	1
"SMAD7"	-16	1
"RBFA"	-25.4	1
"ZNF839"	-15.7	1
"SLC1A1"	-18	1
"GLIS2"	-17.3	1
"WSB1"	-15.7	1
"SMURF2"	-14.6	1
"ERP44"	-19.4	1
"GINS1"	-14.9	1
"COQ9"	-15.1	1
"NLRC5"	-12.6	1
"IMPAD1"	-17.2	2
"KAL1"	-14.3	2
"CDKN2C"	-16.3	1
"MID2"	-18	1
"MARK4"	-15.5	1
"HACE1"	-14.8	1
"UCP1"	-14.5	1
"RAB36"	-15.6	1
"ACTR3"	-16.9	1
"IL1B"	-17	1
"LIFR"	-17.8	2
"CNTN3"	-17.8	1
"PTPN4"	-16.6	3
"EPB41L5"	-17.9	1
"ZC2HC1A"	-13.2	1
"RETSAT"	-18.1	1
"STRN"	-20.1	2
"CHIC2"	-16.4	1
"CTCF"	-14.4	1
"SC5D"	-17.5	1
"SLC5A7"	-15.4	1
"DNAJC10"	-20.1	1
"KYNU"	-16.9	1
"PPAT"	-14.5	1
"NOA1"	-16.6	1
"GSK3B"	-17.9	1
"ARHGAP31"	-19.8	1
"CASP8"	-12.7	1
"ADAM23"	-16.8	1
"PIKFYVE"	-17.4	1
"FNIP2"	-16.4	2
"ZNF638"	-16.2	1
"SEC22C"	-19.1	1
"FGF2"	-15.9	1
"BBS7"	-14.3	1
"STAT3"	-19.6	2
"NSUN2"	-13.7	1
"TP63"	-16.7	1
"FGFRL1"	-16	1
"SCARB2"	-16.8	1
"PDCD6"	-16	1
"MGAT4A"	-19.4	1
"SLC10A7"	-19.7	1
"MRPL3"	-17.8	2
"CDH6"	-16.2	2
"RASGRF2"	-20	1
"ST3GAL6"	-17.2	2
"RBM27"	-16.6	1
"SEMA3A"	-17.9	1
"CPVL"	-15.1	1
"PRKAR2A"	-17	1
"SRI"	-17.8	2
"CDK6"	-17.8	1
"ADAM28"	-17.4	1
"R3HCC1"	-18.6	1
"ACAT1"	-16.1	1
"EXPH5"	-18.2	2
"SNX19"	-15.9	1
"SLC2A4RG"	-14.1	1
"TIMP3"	-18.5	2
"LLPH"	-16.8	2
"LUM"	-14.6	1
"SNRPF"	-16.5	1
"ASCL1"	-17.6	1
"SETD1B"	-14.9	1
"NOP9"	-17.3	1
"FANCM"	-14.7	1
"PELI2"	-18.4	1
"C14orf37"	-16.1	1
"FGF7"	-17.8	1
"BNIP2"	-19.9	1
"RAD51"	-17.6	1
"PIF1"	-18.3	1
"ABAT"	-16.8	1
"MED9"	-16.1	1
"NCOR1"	-15.2	1
"GID4"	-23	1
"CLTC"	-16.9	1
"GATA6"	-19.4	1
"CBX8"	-14.9	1
"RNF157"	-17.9	1
"CBX4"	-14.1	1
"ZNF45"	-16.2	1
"C1orf216"	-16.6	1
"ILDR2"	-18.8	1
"CGN"	-23	1
"ACP1"	-16.6	1
"OSR1"	-16.7	1
"RHOB"	-17	1
"ABCG8"	-18.7	1
"MEIS1"	-18.2	1
"UBR3"	-15.3	1
"SUMF1"	-15.9	1
"UBE2F"	-18.1	1
"DIS3L2"	-20.9	2
"RQCD1"	-17.7	1
"ATP10D"	-15.4	1
"DDIT4L"	-16.1	1
"AP1AR"	-20	1
"MARCH6"	-18.5	1
"SKP2"	-16.2	2
"UGT3A1"	-22	2
"FEM1C"	-17.1	1
"FGF18"	-14.3	1
"LRRTM2"	-16.8	1
"PM20D2"	-18.9	1
"CLVS2"	-16.8	1
"TNFRSF10B"	-15.3	1
"ASB6"	-16.6	1
"ASB6"	-16.7	1
"NPFFR1"	-16.6	1
"TENM4"	-18.3	2
"NPAT"	-18.9	1
"SLC22A9"	-12.7	1
"HNMT"	-13.3	1
"PDCD4"	-13.5	1
"VEGFC"	-16.2	1
"MTMR12"	-17.3	2
"CCT5"	-14.3	1
"TEX12"	-11.6	1
"FREM2"	-17.9	1
"CRIM1"	-20.6	1
"SLC2A13"	-20.2	2
"AKAP6"	-16.4	1
"NRXN3"	-20.5	2
"C4orf33"	-15.7	1
"SLC25A31"	-12.6	1
"BARX2"	-15	1
"SLC25A4"	-18.5	1
"EPHA4"	-18.7	1
"TMEM163"	-15.1	1
"PDE3B"	-15.4	1
"MARS2"	-12.8	1
"ZFP36L2"	-16	1
"PAN3"	-21.4	1
"YAP1"	-17.1	2
"SPEF2"	-15.5	1
"ITGA1"	-18	1
"BMP3"	-15.9	1
"GRM1"	-14.7	1
"MED21"	-17.7	1
"RIOK2"	-14.4	1
"PLA2R1"	-15.5	1
"GPR116"	-14	1
"TRAPPC8"	-17.4	1
"RMND5A"	-19.7	1
"DGKE"	-20.2	1
"UBASH3B"	-18.5	1
"FAM105B"	-16	1
"PPP1R3A"	-15.9	2
"PDLIM3"	-18.8	1
"MYO5B"	-22.4	1
"OXNAD1"	-17.9	1
"DKK2"	-16.4	2
"AGPAT5"	-17	1
"HSPA13"	-15.9	1
"GRAMD3"	-13.4	1
"LONP2"	-16.4	1
"CNOT8"	-14.5	1
"BOD1"	-22.4	1
"XAGE2B"	-12	1
"C10orf12"	-16.6	1
"SLC26A2"	-18.2	1
"RASA2"	-16.3	2
"GNAQ"	-15.1	1
"MMP16"	-17.1	2
"C8orf37"	-16.6	1
"TIAM1"	-16.3	2
"KIF6"	-17.4	1
"TIMP4"	-16.9	1
"C1orf27"	-19.6	1
"HMGCR"	-17.4	1
"PDF"	-19.3	1
"APPL1"	-16.5	1
"PREX2"	-19.2	2
"MRPL17"	-17.6	1
"CD1A"	-11.7	1
"DMRTC1"	-12.9	1
"HOXB13"	-15.7	1
"SLC13A3"	-14.3	1
"IGF2BP1"	-20.4	2
"CCDC58"	-18	1
"CSTB"	-16.6	1
"CXCR5"	-15.8	1
"CCR5"	-18	1
"RNF126"	-15.3	1
"NAGS"	-15.9	1
"ZNF562"	-21.5	1
"NEU3"	-18.1	1
"MAP4K2"	-19.6	1
"C11orf84"	-16.7	1
"TPCN2"	-15.6	1
"ZYG11B"	-17.5	1
"USP24"	-16.3	1
"C2orf61"	-16	1
"CAPN2"	-14.3	1
"SPATA18"	-19.9	1
"GABRG1"	-17	1
"GABRB1"	-17.8	2
"NIPAL1"	-15.3	1
"POGLUT1"	-15.3	1
"STK36"	-16.3	1
"TRAT1"	-17.2	1
"CHCHD4"	-14.4	1
"ABI2"	-18.4	2
"SPICE1"	-16.2	1
"COX18"	-15.1	1
"PRICKLE2"	-17.2	1
"SLMAP"	-17.3	1
"APBB2"	-18.5	1
"TM4SF18"	-19.6	1
"RYK"	-16.1	1
"ZNF35"	-15.1	1
"TGM4"	-13.9	2
"ZDHHC3"	-17.6	1
"LZTFL1"	-15.4	1
"PIGG"	-17.8	1
"IL17RD"	-19.4	1
"METAP1"	-19.1	1
"EMCN"	-16.6	1
"BDH2"	-22.4	1
"PGRMC2"	-15.9	2
"HSPA4L"	-18.1	1
"SCRG1"	-18.3	1
"ANXA5"	-14.1	1
"GUCY1A3"	-18	1
"HPGD"	-14.5	1
"HHIP"	-19.5	1
"TMEM184C"	-17.1	1
"ITGA2"	-14.7	1
"EDIL3"	-19	1
"RANBP3L"	-15.9	1
"ANKRD33B"	-17.8	1
"PRRC1"	-16.5	2
"PRKAA1"	-13	1
"CCDC127"	-17.9	1
"SOX17"	-14.9	1
"RAD21"	-15.1	1
"TNFRSF11B"	-16.5	1
"SPAG11B"	-14	1
"ALDH1A1"	-12.2	1
"CXorf22"	-13	1
"TRMT10B"	-16.9	2
"FAT3"	-18.5	1
"RPL10L"	-16.4	1
"DNAAF2"	-14	1
"TSC1"	-19.7	1
"DUSP16"	-17.5	1
"TRUB1"	-14.6	1
"PIWIL4"	-11.1	1
"VPS35"	-16.6	1
"KIAA0355"	-21.6	1
"TK2"	-15.8	1
"PPP1R16B"	-17.7	1
"ZNF592"	-15.5	1
"FANCI"	-15	1
"ZBTB39"	-17.3	2
"SNRPD1"	-16.7	1
"ZNF641"	-19.1	1
"CYP2A7"	-18.9	1
"DIP2B"	-18.2	1
"SDHAF2"	-23.6	1
"PYGO1"	-18.8	1
"HSPB3"	-16.3	1
"FGA"	-18.4	1
"DNAJC18"	-16	2
"FUT9"	-19.2	1
"SDC2"	-16.4	1
"HSD17B13"	-16.6	1
"KSR2"	-17.6	1
"MCC"	-17.2	1
"CDC25A"	-16.9	1
"SF3B3"	-17.7	1
"DESI2"	-17	1
"RGPD8"	-16.4	1
"SVEP1"	-16.1	1
"PDHB"	-16.5	1
"NUDCD2"	-16.5	1
"LETM1"	-19.5	1
"KCNK3"	-18	1
"OR8J1"	-10.1	1
"HIPK3"	-14.6	2
"ARNT2"	-19.2	1
"TMED10"	-15.9	1
"PCBP1"	-14.8	1
"CAMTA1"	-17.1	1
"GPR37"	-17.2	1
"PLP1"	-21	1
"DTWD2"	-19.4	1
"SDPR"	-11.8	1
"FRMD3"	-16.8	1
"GPR22"	-12.9	1
"XKR6"	-19.4	1
"UGT2B4"	-15.9	1
"SPATA5L1"	-17.1	1
"CEP89"	-16.7	1
"CCDC132"	-16.8	1
"MBOAT2"	-15.8	1
"CHRNB1"	-16.8	1
"HOXD4"	-14.3	1
"SOCS5"	-15.9	1
"HAS3"	-20.5	1
"PTGER3"	-19	1
"PTPN9"	-17.5	1
"PITX2"	-14.3	1
"FAM83B"	-17.7	1
"COG8"	-19.3	1
"MPLKIP"	-18.6	1
"ANKMY2"	-15.1	1
"RALGAPA1"	-15.8	1
"GP9"	-17.1	1
"RASSF6"	-17	1
"CMTM8"	-21.8	1
"ZNF17"	-14.2	2
"SEMA3E"	-16.5	1
"LEMD3"	-14.5	1
"RSF1"	-21.8	1
"ALG10B"	-17.4	1
"REST"	-18.2	1
"LCLAT1"	-17.2	1
"KLRC4"	-16.2	1
"KLF7"	-16.7	1
"ZNF654"	-16.4	1
"OLR1"	-16.6	1
"ZNF680"	-14.6	1
"C4orf32"	-18.1	1
"HSPA6"	-15	1
"GCC2"	-14.3	1
"SEC22A"	-18.3	1
"CFLAR"	-19.3	1
"KLK10"	-17.3	1
"SP3"	-15.5	1
"VPS41"	-19	1
"PIGG"	-15.5	1
"ARHGAP32"	-18.6	1
"ARL10"	-17.4	2
"TNKS"	-20.3	1
"GPD2"	-16.4	2
"PPP1R3B"	-21.5	2
"SUGT1"	-18.8	1
"SULT1B1"	-16.4	1
"RASGRP1"	-16.2	1
"DCAF7"	-16.7	1
"SLCO4C1"	-14.8	1
"SLC22A9"	-14	1
"SFT2D3"	-18.8	2
"ZNF431"	-16.8	1
"INTS6"	-19	1
"ATP9A"	-19.7	1
"RNF32"	-15.8	1
"PFKM"	-17.3	1
"DST"	-24	1
"VWC2L"	-19.5	1
"MRPL45"	-15.3	2
"KIAA1551"	-19	2
"TNFRSF10D"	-18.1	1
"PABPC5"	-14.2	1
"LPP"	-19.3	1
"ZNF41"	-16.1	1
"SRSF7"	-20.2	1
"DVL3"	-15.8	1
"C7"	-19.6	1
"SERTAD2"	-14.2	1
"OSBPL3"	-14	1
"PITPNA"	-17.9	1
"SUV39H2"	-16	1
"GLTSCR1L"	-23	1
"BTBD9"	-21.1	1
"BBS12"	-17.1	1
"NOP14"	-14.4	1
"CSRNP3"	-18.7	1
"BVES"	-15.5	2
"CD55"	-16.5	1
"WDR75"	-18.2	1
"RFFL"	-19.1	1
"SSTR2"	-16.8	1
"EMR2"	-15.7	1
"MED29"	-17.5	1
"RPUSD2"	-13.8	1
"SNAP47"	-17.9	1
"ING3"	-14.7	1
"YOD1"	-16.6	3
"SMCO3"	-17.2	1
"HNF4A"	-16.8	1
"GCNT2"	-15.5	1
"LPA"	-12.7	1
"OR2AE1"	-10.6	1
"SOX6"	-17.9	2
"ZBTB8A"	-18.3	1
"MBLAC2"	-14.4	1
"VRK3"	-19.7	1
"OXTR"	-17.1	1
"ALX1"	-14.2	2
"TRIM25"	-20.3	1
"PLAG1"	-16.3	3
"TIGD2"	-15.9	1
"WHSC1L1"	-15.1	1
"DNAJA2"	-14	1
"CERS5"	-17.1	1
"SERF1A"	-13.8	1
"KCTD12"	-18.8	1
"PABPC1"	-15.9	1
"B3GNT3"	-18	1
"FOXP1"	-20.6	1
"INTS3"	-16.5	1
"RAPH1"	-16.2	1
"TMEM39A"	-18.1	1
"LEPREL1"	-16.6	1
"MRI1"	-17.7	1
"HTR1F"	-17.6	1
"DCAF4L2"	-15.1	1
"FUBP3"	-14.9	1
"ZNF384"	-16.7	1
"PVRL3"	-14.4	1
"ARL4D"	-15.3	1
"CLIP4"	-15.5	1
"PRTFDC1"	-13.8	1
"SSFA2"	-15.5	1
"B3GALNT1"	-21	1
"CFHR1"	-8.6	1
"EHD1"	-17.1	1
"NFATC2IP"	-15.6	1
"ENPP4"	-16.5	1
"LEPROTL1"	-16.9	1
"SFXN1"	-17.9	1
"TTLL11"	-16.8	1
"AC127496.1"	-19.2	1
"EHD3"	-19.9	1
"GBAS"	-12.1	1
"RPP25"	-17	2
"SMC1A"	-16.3	1
"GIPC3"	-18.2	4
"PRMT10"	-15	1
"COL12A1"	-17.6	1
"SUZ12"	-14.1	2
"EPM2AIP1"	-15.3	1
"NCL"	-13.6	1
"KCNH5"	-16.9	1
"ZNRF2"	-16.2	1
"NAP1L5"	-14.4	1
"ATP11B"	-18.5	1
"RBM15B"	-22.8	1
"ARMC10"	-16.7	2
"ST8SIA3"	-18.8	1
"CD28"	-16	1
"ADRBK2"	-19.1	1
"CCDC121"	-13.5	1
"ANO5"	-14.4	1
"C12orf40"	-11.9	1
"DIAPH2"	-19.1	1
"CREG2"	-15.1	1
"YARS2"	-23	1
"C8orf34"	-15.8	1
"MIEF1"	-19	2
"KLK2"	-17.4	1
"SOX2"	-15.9	1
"CEP57"	-14.7	1
"P2RY13"	-13.9	1
"ASB4"	-15.7	1
"KLHL38"	-16.8	1
"OAZ2"	-15.8	1
"RNF185"	-16.2	1
"ACOT4"	-15.9	1
"ARL6IP6"	-14.2	1
"B3GNT5"	-19.3	1
"SPAG11A"	-15.5	1
"LARP1B"	-13	1
"ZNF609"	-17.8	1
"LCORL"	-17.2	2
"XKR4"	-20.6	2
"C11orf87"	-17.7	1
"FUT10"	-18	1
"SERPINA7"	-13.9	1
"ZNF704"	-18.6	2
"PHF7"	-15.9	1
"KLHL15"	-18.5	1
"DNMT3B"	-13.6	1
"FAM120C"	-20.1	1
"SLC9A7"	-19.2	1
"SSTR3"	-21.1	1
"HAX1"	-12	1
"COA5"	-16.6	1
"FOXK1"	-18.8	1
"CALN1"	-21.4	1
"ALX4"	-18.3	3
"KIAA0825"	-12.5	1
"NPAP1"	-19	1
"RGPD6"	-16.4	1
"GNB1L"	-16.9	1
"ACSM2B"	-14.8	1
"IST1"	-14.6	1
"SKA2"	-13.5	1
"HIST1H2AK"	-15.7	1
"AMER1"	-17.8	1
"SMIM10"	-13.5	1
"ACTRT3"	-15.4	1
"LYRM4"	-21.1	1
"WDR5B"	-16.6	1
"XAGE2"	-12	1
"LRRC8B"	-15.1	1
"DUT"	-15.5	1
"NPBWR1"	-15.9	1
"HS3ST4"	-17.4	1
"C8orf33"	-17.1	1
"ZNF703"	-16.5	1
"BMP8A"	-17	1
"PTPN20B"	-17.1	1
"ZNF438"	-12.3	1
"RSRC2"	-15.7	1
"PCSK6"	-11.5	1
"CNTN2"	-18.1	1
"GLUL"	-18.6	1
"PRKD1"	-15.1	1
"PHF6"	-18.6	1
"COLEC10"	-19.3	1
"NR2C1"	-14.8	1
"TSKU"	-19.7	1
"ZNF804B"	-17.5	1
"FAM83F"	-19.8	2
"EP400"	-16.6	1
"APAF1"	-15.4	1
"SREK1"	-20.5	1
"RGS9BP"	-16.1	1
"ZNF20"	-15.2	1
"KPNA4"	-16.4	1
"SYNE3"	-16.1	1
"ANGPTL5"	-9	1
"GPR125"	-16.5	1
"PNRC2"	-12.7	1
"TMLHE"	-17	1
"PTPRB"	-14.4	1
"FMN1"	-18.5	1
"FSD2"	-16.8	1
"C9orf85"	-16.3	1
"BTBD7"	-15.9	1
"BMP2K"	-16.4	1
"ZNF486"	-15.3	1
"ANKRD37"	-12.6	1
"INTU"	-24.2	1
"PITPNC1"	-19.4	1
"KLHDC10"	-21.7	1
"GLDN"	-19.2	1
"ANKRD46"	-18	1
"BCL11A"	-14.7	1
"TNRC6B"	-17.1	2
"SLK"	-14.7	1
"CENPQ"	-15.8	1
"PCGF5"	-18	1
"SNTB2"	-17.5	1
"SPTY2D1"	-18.5	1
"LRAT"	-15.6	1
"ZNF576"	-17.9	1
"RNASEH2B"	-15.7	1
"ANG"	-16.1	2
"MID1IP1"	-17.4	1
"C17orf62"	-17.3	1
"SEC62"	-17.4	1
"TNPO1"	-19	1
"MSL3"	-16.6	2
"RAD51C"	-17	1
"TSPO"	-12.3	1
"C10orf137"	-13	1
"PHF20L1"	-13	1
"ZFYVE16"	-16.9	1
"PLCB1"	-14.5	1
"MRPL30"	-16.1	1
"ADCY2"	-18.6	1
"TRIM2"	-17.1	1
"MAOA"	-16.3	1
"SATB1"	-18.9	2
"TPST2"	-16.6	1
"DNAJB12"	-19	1
"PHF8"	-19.8	1
"NCR3LG1"	-20.8	1
"ZNF449"	-15.3	1
"SH2D4B"	-19.7	1
"ZNF621"	-16.1	2
"SRFBP1"	-16.6	1
"PTCHD4"	-19	1
"CLIC5"	-21.9	1
"ZNF493"	-15.9	1
"VHLL"	-18.5	1
"FASLG"	-15.7	2
"SP100"	-15.2	1
"C5orf47"	-15.7	1
"MEF2C"	-17.1	2
"GTF2F2"	-15.2	1
"UTS2B"	-14.9	1
"FOXN2"	-14.7	1
"KCNK10"	-19.2	2
"ANAPC1"	-14.8	1
"BSDC1"	-17.9	1
"NIPAL2"	-20.1	1
"TSTD2"	-17.3	1
"CFL2"	-20.3	2
"TRAK1"	-14.9	1
"INSR"	-16.1	1
"DCAF5"	-18.7	2
"TMEM179"	-17.9	1
"ANKFY1"	-17.7	1
"MPRIP"	-19.9	1
"ASTN2"	-18.7	2
"ANKS1B"	-14.1	1
"CEP97"	-16	1
"CCDC30"	-13.9	1
"MRPL43"	-12.8	1
"PLD1"	-18.9	1
"JPH1"	-13.6	1
"RBPJ"	-16.5	2
"PLSCR1"	-18.1	1
"BRWD1"	-17.3	1
"MAP2K3"	-14.4	1
"SDHC"	-17.2	1
"MAGEH1"	-12	1
"UBE2D3"	-15.7	1
"RDX"	-21.2	1
"ARHGEF39"	-19.5	1
"GBP5"	-14.7	1
"DICER1"	-18.1	1
"LRRC66"	-12.7	1
"CASKIN1"	-16.6	1
"TLDC1"	-18.7	1
"NKAPL"	-14.9	1
"ZBED6CL"	-15.7	1
"FOXO3"	-18.9	2
"CORO2A"	-18.3	1
"IL6R"	-15.6	1
"COX19"	-18.3	1
"SPRY4"	-17.7	1
"XBP1"	-19.4	1
"SLC35F6"	-19.5	1
"PLEKHG7"	-18.2	1
"CTD-3088G3.8"	-11.5	1
"PCNXL2"	-21	1
"LARP6"	-18.8	1
"LAT2"	-16.7	2
"TPRG1"	-16.6	2
"LIN28B"	-16.5	1
"FOXN3"	-20.1	1
"NPTN"	-12.3	1
"RAD51D"	-17.9	1
"BNC1"	-15.1	1
"SGK3"	-14.3	2
"RNF6"	-15.8	1
"MTMR2"	-14	1
"NPAS3"	-15.4	1
"DLG1"	-16.6	1
"CASC5"	-15.1	1
"DZIP1"	-18.3	1
"PCSK6"	-15.8	1
"GPAM"	-15.4	1
"RNF111"	-16.9	1
"MALT1"	-17.4	2
"SMARCE1"	-17.8	2
"RBMS1"	-15.6	1
"PDAP1"	-15.7	1
"ELP4"	-14.6	1
"MSR1"	-14.8	1
"CNTFR"	-15.6	1
"FYB"	-19.1	1
"ACVR2B"	-18.1	2
"VGLL2"	-16.6	2
"RAD51AP1"	-14.6	1
"ABHD2"	-17.4	1
"CTSB"	-16.4	1
"ABHD12B"	-17.1	1
"SLC6A20"	-19.7	1
"USP15"	-16	2
"SKP1"	-17.2	1
"LMBR1"	-19.8	1
"SPPL3"	-19.2	1
"SETDB2"	-14.5	1
"MYO18A"	-17.8	1
"COPS8"	-19.5	1
"KIAA0586"	-16.9	1
"NFAT5"	-18.7	1
"MAP7"	-16.8	1
"SND1"	-16.8	1
"ATRNL1"	-17.7	1
"GRM1"	-14.8	1
"CD47"	-16.3	1
"BOC"	-12.2	1
"MBNL1"	-13.2	1
"C9orf38"	-16.4	1
"FBXL3"	-19.9	1
"TLR4"	-18.5	1
"RAB11FIP2"	-16.8	1
"STRN3"	-15.1	1
"RET"	-13.9	1
"PRPF39"	-13.8	1
"CAB39L"	-18.5	1
"TAT"	-16.4	1
"SDAD1"	-19.3	1
"FAM156A"	-14.8	1
"SOWAHC"	-12.2	1
"MAN1A2"	-17.4	3
"GABRG2"	-12.1	1
"SEPT10"	-14.9	1
"PBRM1"	-18.6	1
"HS2ST1"	-15.4	1
"SLC8A3"	-18.2	2
"ZNF708"	-19.9	1
"ANKRD36"	-19	1
"TRIM38"	-17.2	1
"XPNPEP3"	-20.7	1
"SFPQ"	-15.1	1
"GFPT1"	-18.6	1
"NUDT13"	-19.5	1
"SMC1B"	-13.1	1
"ZNF74"	-20.8	1
"TMEM170A"	-17.5	1
"POT1"	-17.1	1
"ATP2B4"	-16.2	1
"METTL20"	-18.4	1
"CREB5"	-16.2	2
"NEGR1"	-19.7	2
"MCTP2"	-15.9	1
"CARD8"	-18	1
"C1orf109"	-15.1	1
"ZNF483"	-14.7	1
"TRAPPC2"	-15.7	1
"ZNF100"	-14.3	1
"PATE2"	-19.1	1
"ASTN2"	-16.6	1
"ZXDA"	-14.9	2
"HIST1H2AI"	-14.8	1
"FZD6"	-14.6	1
"CCER1"	-19.8	1
"TMC2"	-15.6	1
"PELI1"	-14.5	1
"MYPN"	-20.7	1
"MARCH5"	-14.1	1
"RAB3GAP2"	-14.6	1
"TGFBR2"	-17.4	1
"KLHL9"	-14.5	1
"SSU72"	-18.1	1
"PDE3A"	-19.4	1
"SPTSSB"	-13.8	1
"PDLIM5"	-16.7	1
"ZNF705A"	-14.6	1
"STK40"	-17.1	1
"C1orf112"	-15.9	1
"KLHL14"	-15.5	2
"FGF1"	-17.5	1
"EMP2"	-17.8	1
"LRP10"	-15.9	1
"ZRANB1"	-18.1	1
"C20orf112"	-17	1
"ITGB1BP1"	-16.4	1
"ARFRP1"	-19	1
"NUDT16"	-18.3	1
"KCTD18"	-13.8	1
"FAM3C"	-15	1
"MCMBP"	-16.7	1
"TPK1"	-16.9	1
"CDK18"	-22	1
"CUX1"	-18.8	2
"UAP1L1"	-16.6	1
"ZNF460"	-20.9	1
"TRIM9"	-18.6	1
"HIST1H4E"	-14.7	1
"TOPORS"	-12.3	1
"FBXL22"	-15	1
"MEGF11"	-19.5	1
"TRPM6"	-18.5	1
"MTHFSD"	-17.6	1
"SEZ6L"	-17.4	1
"PJA2"	-15.3	1
"NCKAP1"	-18.5	2
"CTR9"	-13.7	1
"CALD1"	-17.1	1
"PHLDB1"	-17.6	1
"FAM45A"	-14.7	1
"PNP"	-17.1	1
"IPO9"	-21.3	1
"MAPK10"	-15.3	1
"PCDH7"	-13.8	1
"GRIN3A"	-19.5	1
"TSC22D2"	-20	2
"NOS1AP"	-15.6	1
"ZNF326"	-14.5	1
"INO80"	-17.7	1
"CCDC152"	-19.5	1
"MBTPS2"	-15.7	1
"KIF26B"	-17.8	1
"C1orf101"	-12.5	1
"C1orf101"	-10	1
"GPR137B"	-15.5	1
"MLK4"	-16.1	1
"TSNAX"	-18	1
"EGLN1"	-16.2	1
"CCSAP"	-15.7	1
"THBS2"	-17.8	1
"C1orf95"	-21.6	1
"MIXL1"	-15.2	1
"ENAH"	-18.1	2
"FBXO28"	-19.3	1
"SLC30A10"	-16.5	2
"TGFB2"	-15.5	1
"SPATA17"	-17.5	1
"GPATCH2"	-16.8	1
"PTPN14"	-19.7	1
"ANGEL2"	-14.4	1
"NSL1"	-19.5	1
"LPGAT1"	-20.9	1
"RCOR3"	-18.2	1
"SYT14"	-17.1	2
"TAGAP"	-14.6	1
"RSPH3"	-19.6	2
"PFKFB2"	-18.3	1
"PFKFB2"	-18.6	1
"TULP4"	-17.3	1
"C1orf147"	-15.4	1
"AVPR1B"	-14.7	1
"ATP2B4"	-18.1	1
"RGS17"	-17.9	1
"KDM5B"	-18.3	1
"LGR6"	-16.9	1
"ULBP3"	-14.4	1
"PCMT1"	-18.7	1
"NEK7"	-14.1	1
"CRB1"	-15.3	1
"ZBTB41"	-16	3
"GINM1"	-15.9	1
"CFHR2"	-17.5	1
"CFH"	-8.6	1
"UCHL5"	-16.5	1
"SASH1"	-18.1	1
"STXBP5"	-18.4	2
"RNF2"	-15.1	1
"EPM2A"	-15	1
"NPL"	-14.4	1
"NPL"	-12.7	1
"RNASEL"	-15.9	1
"LTV1"	-17.7	1
"TOR1AIP2"	-17.1	1
"SOAT1"	-16.7	2
"VTA1"	-15.6	1
"RALGPS2"	-18.9	2
"CITED2"	-18.4	1
"ABRACL"	-14.2	1
"FASLG"	-15.5	1
"FMO3"	-18.5	1
"SCYL3"	-16	1
"BLZF1"	-14.9	1
"XCL1"	-16.1	1
"HBS1L"	-18.7	1
"HSD17B7"	-13.1	1
"STX7"	-19.4	1
"CD84"	-17.8	2
"KCNJ10"	-19.7	2
"RIT1"	-16.6	1
"HEY2"	-16.7	1
"EFNA1"	-17.1	1
"FAM26E"	-21	1
"TSPYL1"	-20.9	1
"GATAD2B"	-19.5	2
"S100A7A"	-20.5	1
"UROS"	-20.3	1
"S100A10"	-12.5	1
"MRPL9"	-18.2	1
"SLC16A10"	-18.8	3
"AMD1"	-16.8	1
"GABPB2"	-17.5	1
"CEP57L1"	-16.2	1
"PLEKHA1"	-16.9	2
"SEC63"	-19.7	1
"ENSA"	-19.5	2
"ASCC3"	-19.8	1
"SIM1"	-15.7	1
"LIX1L"	-14.2	1
"RRAGD"	-17.8	2
"CLIC2"	-13.6	1
"BRCC3"	-16.1	1
"TTF2"	-17.8	1
"AL079342.1"	-22.1	1
"MTCP1"	-14.9	1
"CD58"	-16.6	1
"SLC22A15"	-15.7	1
"TSPAN2"	-13.5	2
"SIKE1"	-14.8	1
"BCAS2"	-17.6	1
"DUSP5"	-17.3	1
"NT5E"	-16.2	2
"CYB5R4"	-18.4	1
"PLXNA3"	-20.6	1
"WNT2B"	-19.9	1
"DDX20"	-18	1
"TPBG"	-15.7	1
"FAM46A"	-16.2	2
"KCNA3"	-15.4	1
"NEURL1B"	-21.5	1
"GSTM2"	-15.5	1
"CNNM2"	-22.7	1
"SAMD10"	-13.4	1
"PSRC1"	-17	1
"IRAK1BP1"	-17.3	1
"MYO6"	-19.3	2
"OLFM3"	-15.9	2
"TMEM56"	-16.7	1
"GCLM"	-14.7	1
"GFI1"	-16.6	1
"KHDC1L"	-14.4	1
"CHUK"	-16.9	1
"OGFRL1"	-16.8	1
"ZNF326"	-16.3	2
"ABCC2"	-18.7	1
"GBP6"	-15.4	1
"GBP1"	-18.9	1
"UBE2NL"	-12.1	1
"HPSE2"	-17	1
"SH3GLB1"	-16.9	1
"MCOLN3"	-15.5	1
"CTBS"	-20.5	2
"PTGFR"	-20	1
"FUBP1"	-15.7	3
"GPC4"	-16.2	1
"MBNL3"	-17.6	1
"FPGT-TNNI3K"	-15.5	1
"GNG12"	-16.1	1
"PPP1R3D"	-18.8	1
"IL12RB2"	-23	1
"SGIP1"	-16.8	2
"PDE4B"	-15.6	1
"LEPR"	-12.6	1
"RAVER2"	-14.8	1
"ROR1"	-14.4	1
"PGM1"	-14.8	1
"LCOR"	-20	1
"PKHD1"	-18	1
"ANGPTL3"	-18.4	1
"TENM1"	-15.3	1
"STAG2"	-15.3	1
"NFIA"	-18	2
"PRKAA2"	-17.6	1
"HSPB11"	-11.6	1
"PLCE1"	-19.5	1
"ENPP5"	-17.5	2
"ZNF217"	-19.4	1
"CDC5L"	-17.9	1
"CPT2"	-15.6	1
"NDOR1"	-20.7	1
"ECHDC2"	-16.5	1
"ADNP"	-15	1
"TMEM189"	-20.5	1
"KCNB1"	-17.6	1
"SLC6A14"	-14.3	1
"SURF6"	-16.1	2
"TESK2"	-14.6	1
"CDHR1"	-21.3	1
"AIF1L"	-20.6	1
"POLR3A"	-17.5	1
"NUP62CL"	-21.4	1
"TIE1"	-17.1	1
"TBC1D13"	-21	1
"SAMD8"	-16.6	1
"SET"	-17.2	1
"COL9A2"	-23.8	1
"VCL"	-15.8	2
"ARMCX1"	-14.5	1
"BTK"	-15.1	1
"TAF8"	-19	1
"USP49"	-18.2	1
"MCU"	-15.4	1
"GRIK3"	-19.3	1
"STK40"	-16.6	1
"PTPRT"	-20	1
"AGO4"	-17.5	1
"EIF4EBP2"	-22.9	2
"SAR1A"	-17	1
"BRWD3"	-17.4	2
"PGK1"	-14.5	1
"RBBP4"	-18.1	1
"CHIC1"	-15.6	2
"ZBTB8A"	-17.7	1
"DMRTC1B"	-12.9	1
"PPP6C"	-18	1
"TET1"	-15.4	1
"SRSF3"	-14.5	1
"TTLL11"	-15.8	1
"RTKN2"	-18.3	1
"TAF1"	-16.3	1
"XKR8"	-15.5	1
"UBE2D1"	-16.2	1
"RPA2"	-14.9	1
"MEGF9"	-16.7	1
"PRKG1"	-17.6	1
"ASAH2B"	-17.3	1
"PHF20"	-16.3	1
"TNFSF15"	-16.2	1
"ROMO1"	-17.2	1
"DRGX"	-15.8	1
"SLC31A1"	-15	1
"KIAA1958"	-17.1	1
"SUSD1"	-20.7	1
"SYT15"	-19.2	1
"MAN1C1"	-15.5	1
"PTPN20A"	-17.1	1
"GDF5"	-13.5	1
"RCAN3"	-16.3	1
"TXNDC8"	-19.8	1
"AKAP2"	-16.7	1
"PALM2-AKAP2"	-16.7	1
"BMPR2"	-17.3	3
"AR"	-21.1	2
"ABCA1"	-20.4	1
"TMEM246"	-16.6	1
"ZNF189"	-19.5	1
"KLF8"	-14.7	1
"HLA-DRB5"	-15.3	1
"TGFBR1"	-20.8	1
"GALNT12"	-17.3	1
"TBC1D2"	-13.5	1
"TBC1D2"	-14.6	1
"UBXN10"	-16.5	1
"WNK3"	-15.9	1
"C20orf144"	-16.1	1
"AAED1"	-15.9	1
"ZNF367"	-14.5	3
"MAP3K8"	-14.5	1
"FAM120A"	-13.3	1
"ASPN"	-15.4	1
"OMD"	-15.9	1
"CENPP"	-15.9	1
"ARHGEF7"	-17.4	2
"MKX"	-15.6	1
"COL4A1"	-13.5	1
"SHC3"	-18.6	1
"DNAJC16"	-17.7	1
"CLCN5"	-17.1	1
"NTRK2"	-21.7	1
"GAD2"	-14.7	1
"HNRNPK"	-14.6	2
"CCDC93"	-15.1	2
"MYO3A"	-15.9	1
"RASEF"	-15.9	1
"NPPB"	-13.2	1
"EP400NL"	-17.7	1
"GPR180"	-17.8	1
"DFFA"	-18.7	1
"GPC5"	-18.7	1
"SPRY2"	-13.2	1
"KLF9"	-17.5	1
"PTAR1"	-15.6	1
"POU4F1"	-16.9	1
"EDNRB"	-15.1	1
"FAM196B"	-16.3	1
"GPR157"	-16.9	1
"UCHL3"	-18.9	1
"TBC1D4"	-19.8	1
"KLF12"	-17	1
"KLF5"	-16.9	1
"TRDMT1"	-16.1	1
"CUBN"	-16.4	1
"PCDH17"	-18.5	1
"RECK"	-19	1
"CEP68"	-15.5	1
"CKAP2"	-9.8	1
"VPS36"	-15.8	1
"ITGA8"	-15.4	1
"FBXO47"	-14.3	1
"TBC1D31"	-15	1
"GPR34"	-19.2	1
"TPRG1L"	-15.9	2
"ARHGEF39"	-18.3	1
"CLLU1"	-14.5	1
"NRSN1"	-14	1
"CAMKMT"	-15.3	1
"POC1B"	-15.3	1
"SKI"	-15.5	1
"DYNLT3"	-13.8	1
"XK"	-18.2	1
"LANCL3"	-13	1
"LANCL3"	-18	2
"PRRG1"	-14.9	2
"UQCRQ"	-19.2	1
"MCM10"	-14.5	1
"C2orf91"	-16.7	1
"CCDC3"	-21.4	1
"PRR5L"	-18.1	1
"NUDT5"	-16.5	1
"TAB3"	-16.9	1
"NR0B1"	-13.2	1
"LRIG3"	-15.4	1
"GFOD1"	-18.6	1
"VWA8"	-14.9	1
"ZSCAN2"	-16.7	2
"PTCHD1"	-20.9	1
"LYRM7"	-20.4	2
"MTRF1"	-13.7	1
"KBTBD7"	-16.1	2
"KBTBD6"	-16.2	2
"FOXO1"	-18.5	1
"KIN"	-17.8	2
"RPS6KA3"	-15.3	1
"PAK1IP1"	-20	1
"SPDYA"	-13.3	1
"EIF1AX"	-15.3	1
"FOSL2"	-17.6	1
"REEP5"	-15.6	1
"HGSNAT"	-17.5	1
"ADPRM"	-17.4	1
"PDHA1"	-18.9	1
"GPR64"	-16.6	2
"SAMD9"	-16.9	2
"NHS"	-16.9	1
"IFT74"	-16.2	2
"KL"	-16.3	1
"ECI2"	-13.1	1
"TXLNG"	-14.2	1
"N4BP2L1"	-16.7	1
"MTAP"	-17.7	1
"TMEM27"	-15.1	1
"MEDAG"	-16.2	1
"FAM154A"	-19.7	1
"BNC2"	-18.6	1
"CCDC171"	-14.7	1
"SERF1B"	-13.8	1
"SLC7A1"	-18.6	1
"NFIB"	-18.8	1
"SGTB"	-15.9	1
"IGFBP3"	-13.4	1
"SLC39A14"	-17.1	1
"KLHL42"	-20.9	1
"IL6ST"	-16.9	1
"ITPR2"	-15.6	1
"ESM1"	-13.9	1
"SGCB"	-15.1	1
"COMMD8"	-16.6	1
"JAK2"	-15.6	1
"MTMR6"	-18.1	1
"LITAF"	-14.4	1
"CDC37L1"	-19.7	1
"PPAPDC2"	-14.6	1
"TMEM44"	-17.4	1
"RSAD2"	-14.7	2
"VLDLR"	-16.6	1
"LCORL"	-14.9	1
"CDH18"	-16.5	1
"ZCCHC3"	-14.9	1
"SAP18"	-19	1
"FOXG1"	-16	1
"KCNA1"	-17.9	1
"DOK6"	-17.7	1
"SERPINB5"	-17.7	1
"HGFAC"	-15.9	1
"HCG27"	-16.9	1
"GTPBP8"	-15.7	1
"CADM2"	-17.2	1
"SLMAP"	-16.7	1
"NKIRAS1"	-17.4	1
"KDM1B"	-14.8	1
"TYRP1"	-16.2	1
"KCNQ3"	-20	1
"STK38L"	-16.7	1
"SACM1L"	-18.4	1
"RNF180"	-14	1
"MFSD12"	-12.8	1
"ADAL"	-12	1
"LYST"	-16.7	1
"ADARB1"	-15.2	1
"BCAS3"	-18.2	1
"ZRSR1"	-14.8	1
"KRTAP4-9"	-17.8	1
"FAM127C"	-16.5	1
"AC023632.1"	-14	1
"LILRB4"	-13.8	1
"ZNF180"	-14.7	1
"SEPT2"	-14.3	1
"TMCO1"	-17.4	1
"ICA1L"	-16.9	1
"CASP8"	-13	1
"BOLL"	-17.5	1
"TMEFF2"	-13.3	1
"DYNLL1"	-13.7	1
"CD300E"	-15.9	1
"ABCA5"	-15.9	1
"B3GALT1"	-13.4	1
"PDCD10"	-11.3	1
"MCAM"	-15.6	1
"ORC4"	-16.2	1
"SMIM8"	-19.9	1
"GTDC1"	-15.7	1
"GK5"	-15.3	2
"MTPN"	-17.3	2
"STEAP3"	-16.9	1
"PDGFD"	-16.2	1
"EXOC4"	-18.1	1
"TNPO3"	-20.5	1
"BCL2L11"	-17.7	1
"CNOT6"	-17.7	2
"ZFP1"	-15.3	1
"LONRF2"	-19.9	2
"WNT9B"	-17	1
"MDM1"	-16.4	1
"MON2"	-16.1	2
"MFAP3L"	-14.9	1
"FBXL13"	-15.2	1
"WDR52"	-17.4	1
"ZNF559"	-15.6	1
"HAP1"	-16.9	1
"GABRB2"	-18.1	2
"CCDC142"	-17.6	1
"KRT222"	-16.9	1
"SV2B"	-18.8	1
"ABCD3"	-14.4	1
"ELF2"	-13.4	1
"RCCD1"	-14.8	1
"SETD6"	-16.2	1
"ANXA4"	-15.2	1
"SPRY1"	-18	1
"TADA2A"	-17.5	1
"KRIT1"	-14.3	2
"RDM1"	-16.6	1
"SLFN12"	-16.4	1
"PITX2"	-15	1
"RTN4"	-16.3	1
"ZNF207"	-20.1	2
"BRD7"	-17.6	1
"AKAP5"	-18.5	1
"CXXC4"	-14.5	1
"MATR3"	-17.4	1
"MYLK3"	-18.2	1
"RCN2"	-17	1
"ADH6"	-16.7	1
"SPOCK1"	-19.8	1
"SMARCD1"	-15.9	1
"FAM13A"	-17	1
"VDAC1"	-13.7	1
"LRRIQ3"	-15.4	1
"MAPK10"	-17.1	1
"ARHGAP24"	-13.9	1
"FAM135B"	-15.1	1
"PAQR5"	-16.5	1
"MAPK1IP1L"	-17.8	1
"NELL2"	-12.6	1
"ASAH2"	-17.3	1
"COBL"	-16.4	1
"SNTB1"	-21	1
"EXT2"	-19.4	1
"PURB"	-16.7	1
"CDKL1"	-15.6	1
"LRRC2"	-20.5	1
"PPARA"	-20.7	2
"ZNF35"	-17.1	1
"FOXB1"	-14.8	1
"HERPUD2"	-17	1
"PDE1C"	-18.6	1
"MOBP"	-15.9	1
"ACBD5"	-15.2	1
"MYH11"	-14.5	1
"WDR72"	-15.5	1
"CYP19A1"	-15.4	1
"PKIA"	-17	1
"OSBPL10"	-18.4	1
"COL4A4"	-16.3	1
"AP1S3"	-16.4	1
"TMEM106B"	-18.4	1
"THRB"	-18.8	2
"GAPT"	-16.2	1
"DDX17"	-19.2	1
"ZNF200"	-17.6	1
"HIST1H2BK"	-14.3	1
"NRL"	-16.6	1
"ZNF208"	-15.8	1
"LRRC57"	-16.3	1
"DDHD2"	-18.1	1
"PHF16"	-15.7	1
"PABPN1"	-13.5	1
"PLAA"	-16.8	1
"MYCL"	-17.8	1
"DUSP8"	-15.6	1
"ESCO2"	-20.1	1
"WEE2"	-16	1
"PAXIP1-AS2"	-16.2	1
"JHDM1D"	-15.8	1
"MYCBP"	-17	1
"NFIB"	-18.8	2
"SLC12A6"	-18.2	1
"ZNF709"	-16.3	1
"MED13"	-13.8	1
"ARHGEF12"	-16.4	1
"MBP"	-17.3	1
"SOCS6"	-15.8	1
"CDH7"	-18.9	1
"SCML2"	-13.4	2
"DLG2"	-19.6	1
"FILIP1L"	-11.1	1
"ZBTB21"	-17.6	1
"SLC38A1"	-16.7	1
"GXYLT1"	-20.2	1
"UBE2D2"	-21.7	1
"HSDL2"	-17	1
"ERG"	-16.7	1
"RPRD1A"	-18.4	1
"RBM12B"	-16.2	2
"C14orf23"	-18.1	1
"TRAPPC13"	-16.8	1
"OSBPL1A"	-15.2	1
"MAP3K1"	-18.6	1
"SRL"	-16.9	1
"CECR1"	-16.1	1
"CLDN8"	-17.4	1
"ZNF705D"	-14.6	1
"DLGAP1"	-15.3	1
"ARGLU1"	-17.2	1
"NRIP1"	-18.6	1
"ATP13A4"	-18.1	1
"FAM69C"	-14.6	1
"AP005482.1"	-16.1	1
"CECR2"	-18.5	1
"XPO4"	-18.3	1
"ZG16"	-18.2	1
"GP5"	-18.9	1
"RAPGEF5"	-20.8	1
"FBXO11"	-15.4	1
"RASGRP3"	-17.5	1
"AKAP12"	-16.6	2
"MIEF1"	-19	1
"PHF14"	-15.8	2
"C22orf23"	-17.8	1
"NF2"	-12.5	1
"WWC2"	-16.3	2
"DGKB"	-18	1
"PSG8"	-12.9	1
"MAST4"	-15.3	1
"LTBP1"	-14.7	1
"PSG4"	-12.9	1
"NUCB1"	-18.9	1
"VSNL1"	-18	1
"CLHC1"	-15.6	1
"HDAC9"	-15.7	1
"GPSM2"	-15.6	1
"PARD3B"	-16.4	1
"MTA3"	-16.6	2
"HIC2"	-18.5	2
"C22orf29"	-20.5	1
"CCDC85A"	-15.8	1
"ZFPM2"	-16.6	1
"PRDM6"	-16.6	1
"C3orf36"	-15	1
"RAP1GDS1"	-14.1	1
"TBX20"	-16.3	2
"FOXP2"	-15.2	2
"C5orf55"	-16.3	1
"TIAF1"	-14.8	1
"RGPD4"	-14.3	1
"INPP4A"	-18.5	1
"AAK1"	-19	1
"EIF4E2"	-13.8	1
"CCL20"	-12.2	1
"SLC3A1"	-12.2	1
"TMEM237"	-17.8	1
"SCN9A"	-17.8	1
"RPL31"	-15.4	1
"KCNJ13"	-16.5	1
"POTEG"	-19.9	1
"CHN1"	-15.3	1
"MAP3K2"	-16.7	1
"TTC31"	-18.7	1
"ZNF365"	-15.9	1
"DPP10"	-17.5	1
"HNRNPLL"	-17.5	1
"EXOC6B"	-17.8	1
"METTL21A"	-17	1
"COX20"	-13.5	1
"CPEB3"	-15	2
"ZNF577"	-10.2	1
"GABARAPL3"	-14.8	1
"IKZF2"	-24.3	1
"KIAA1432"	-18.5	1
"MCF2L2"	-15.6	1
"SAA2"	-17.2	1
"CNOT4"	-14.9	1
"ZNF568"	-14.5	1
"THAP5"	-17	1
"BAHD1"	-18.2	1
"ZNF609"	-18.8	1
"DCLK3"	-17.8	1
"NCKIPSD"	-16.4	1
"COG6"	-14.1	1
"TMPPE"	-21.4	2
"CTXN2"	-15	1
"NECAB1"	-16.4	1
"MAP10"	-14.5	1
"FAM126B"	-20.1	1
"HLA-DPB1"	-18.2	1
"MAGI2"	-15.9	1
"STK3"	-14.8	1
"ATXN7L1"	-17.1	1
"PLEKHA2"	-21.3	1
"ATF7"	-19	2
"PCDH19"	-17.1	1
"CCDC141"	-21.6	1
"PERP"	-19.3	1
"CASK"	-19	1
"DLGAP2"	-17.1	1
"NAF1"	-16.3	1
"MCMDC2"	-17.8	2
"SLC25A12"	-17.7	1
"CDCA3"	-17.5	1
"NTF3"	-13.3	1
"MROH1"	-15.4	1
"CHD7"	-16.9	3
"GPBP1"	-18.6	1
"VPS8"	-20.3	2
"NR2C2"	-18.8	1
"RAB3GAP1"	-17.1	1
"GALNT10"	-17.5	1
"MYOCD"	-17.4	1
"PLEKHG2"	-16.2	2
"ZNF445"	-15.9	1
"SLC2A1"	-15.3	1
"SP1"	-18.1	1
"ERCC8"	-14.3	1
"SETBP1"	-20.3	1
"SGSM2"	-19.9	1
"PLAC8"	-13.9	1
"ZNF300"	-15.9	1
"FAHD1"	-17.5	1
"ZNF589"	-16.1	1
"FGD4"	-15.6	1
"RPL36A"	-13.5	1
"MXD3"	-16.1	1
"PTPRU"	-13.9	1
"SESTD1"	-17.2	1
"HMGCLL1"	-18.1	1
"IFRD1"	-14.7	1
"NEK11"	-12.6	2
"TBC1D5"	-11.3	1
"SLC37A3"	-15.2	1
"FCHO2"	-14.3	1
"TBL1XR1"	-17.2	2
"FAM156B"	-14.8	1
"ARID4A"	-16.9	1
"ZNHIT6"	-17.4	1
"MBOAT7"	-13.6	1
"CSTF3"	-17.5	1
"KANSL3"	-19.2	2
"AKAP7"	-14.5	2
"TMPRSS11BNL"	-15.5	1
"KCNMB2"	-20	1
"CLEC12A"	-13.4	1
"TMEM68"	-18.2	1
"GSPT1"	-19.4	1
"C11orf70"	-14.9	1
"FAM160A1"	-17.2	1
"PDE1A"	-19	1
"TC2N"	-15.2	1
"MET"	-12.2	1
"ZNF527"	-16.5	1
"PSG1"	-12.9	1
"TLR6"	-17.2	1
"NLRC5"	-15.6	1
"ADARB1"	-17.7	1
"C6orf222"	-12.8	1
"PDLIM5"	-18.2	2
"CABP4"	-19	2
"PDZD2"	-19.1	2
"HLA-DOB"	-14.8	1
"NEK1"	-15.3	1
"PHF20"	-18.5	1
"UNC80"	-14.3	2
"CYP3A5"	-17.3	1
"CCBE1"	-16.8	1
"PDK3"	-18.7	1
"FMO2"	-14.9	2
"MRGPRF"	-18.7	1
"TGFBI"	-14.6	1
"PRRC1"	-19	1
"RNFT1"	-14.7	1
"GRK4"	-19.2	2
"DCC"	-18.3	1
"LAX1"	-17.4	1
"DNAJB14"	-21.7	1
"SGOL1"	-15.2	1
"LANCL1"	-19.7	1
"CTDSPL"	-18.6	1
"ZNF705B"	-16.8	1
"C1orf143"	-14	2
"HNRNPU"	-16.7	1
"FGF12"	-17	1
"JMJD6"	-17.8	1
"FAM177B"	-16.7	1
"VPS52"	-15.5	1
"ZDHHC13"	-15.5	1
"ZNF300"	-15.3	1
"FNBP1"	-16.9	1
"DCAF11"	-14.3	1
"PRPSAP1"	-19.1	1
"LRRC34"	-16.1	1
"PPFIA4"	-16.7	1
"STK33"	-14.1	1
"DCTN3"	-18.7	1
"RASAL2"	-18.9	2
"NIPBL"	-17.9	1
"PALM2"	-17.6	1
"BBIP1"	-14.3	1
"MRPS25"	-17.3	1
"PLEKHA8"	-17.5	2
"USP53"	-14.6	1
"REPS1"	-15.5	1
"CYR61"	-15.7	1
"POTEI"	-18.1	1
"ASB15"	-14.8	1
"NCOA2"	-20	1
"ATM"	-22.9	1
"DNM1L"	-22	1
"CADM1"	-16.5	1
"SLC4A8"	-18.6	2
"NIN"	-13	1
"TMEM67"	-14.2	3
"TRAPPC2"	-15.7	3
"DCLRE1C"	-16.4	1
"UBE2D3"	-18	1
"SLC6A11"	-19.6	2
"ZNF566"	-15.4	1
"CFTR"	-17	1
"SPAG11A"	-15.9	1
"GJA9"	-17	1
"COG6"	-18	1
"PCBP2"	-14.8	1
"DTHD1"	-18.7	1
"SCUBE2"	-20.5	1
"PATE4"	-15.2	1
"ZBTB47"	-17.4	1
"TYW3"	-14.6	1
"KIAA1430"	-17.2	1
"CLSTN2"	-18.6	2
"C1orf226"	-15.4	1
"SPAG11B"	-13.7	1
"ZBTB11"	-16.5	1
"ARL6"	-17.1	1
"ZFP1"	-15.6	1
"CNIH4"	-15.8	1
"ATPIF1"	-16.1	1
"WWTR1"	-16.8	1
"SCAF11"	-14.3	1
"IL12A"	-11.6	1
"CMC1"	-14.5	1
"ALS2"	-14	1
"PEX5L"	-19.5	1
"KLF8"	-16.9	1
"NCK1"	-15.3	1
"FTO"	-17.4	1
"UBN2"	-16.7	3
"CDK5RAP1"	-13.6	1
"MED12L"	-16.7	2
"PTPRG"	-14.7	2
"PURG"	-16.9	2
"EMC1"	-21.9	1
"SSR1"	-18.6	1
"FAM71F2"	-20	1
"SEC62"	-17.2	1
"VPS52"	-17.2	1
"CCNC"	-15.8	1
"ZFP69B"	-17.5	1
"FBXL2"	-15.4	1
"PVRL3"	-13	1
"GGNBP2"	-15.9	1
"EFCAB10"	-15.7	1
"SP140"	-10	1
"GFM1"	-17.8	1
"RAD51B"	-14.4	1
"ADAM9"	-15.4	1
"RNF182"	-18.4	1
"CCDC14"	-15.5	1
"BEST3"	-18	1
"UHMK1"	-19.2	1
"RABGAP1L"	-21.5	1
"ONECUT2"	-18.8	2
"DIEXF"	-17.3	1
"NUDT5"	-16.9	2
"MCMDC2"	-11.5	1
"BCL2L13"	-16	1
"ABHD10"	-15.5	1
"PTPLAD2"	-18.5	1
"PHC3"	-18.7	1
"GMPS"	-17.8	1
"PRRX1"	-19.2	1
"KLF6"	-19.9	1
"LRRC55"	-20.5	1
"PPM1L"	-16.3	2
"CASR"	-20.4	1
"CNBP"	-17.5	1
"PARP8"	-16.2	1
"SERF1B"	-14.7	1
"ARHGAP24"	-8.9	1
"SERF1A"	-14.7	1
"ADAMTS12"	-15.1	1
"C4orf21"	-7	1
"C5orf64"	-19	1
"INPP4B"	-12.3	1
"WDR19"	-13.1	2
"MRPS30"	-19.7	2
"KCTD16"	-17	1
"C8orf17"	-16.5	1
"ANAPC10"	-15.8	1
"PDGFRA"	-17.7	1
"ELOVL7"	-15.6	1
"ZNF595"	-15.4	1
"CCSER1"	-16.4	1
"LIMCH1"	-14.2	1
"RAPGEF6"	-11.7	1
"ATP8A1"	-16.7	1
"GABRA2"	-19.1	1
"SCLT1"	-13	1
"HTN1"	-15.1	1
"RP11-766F14.2"	-18.5	3
"CPNE4"	-17	1
"LPHN3"	-17.4	1
"C2orf15"	-16.1	1
"PPP3CA"	-18.3	1
"RP11-664D7.4"	-13.5	1
"PRRC1"	-16.5	1
"INPP4B"	-17.5	1
"SREK1IP1"	-17.1	1
"PGM3"	-16.1	1
"ZBTB38"	-14.1	2
"RMND5B"	-18.9	1
"DAG1"	-15.3	1
"TMEM108"	-17.3	1
"SMIM18"	-15.7	1
"UBE2W"	-15.7	1
"ASPH"	-19.2	2
"MOK"	-16.7	1
"WWP1"	-13	1
"POU6F2"	-16.6	2
"LRRTM2"	-15.1	1
"C8orf44-SGK3"	-14.3	2
"ERI1"	-17.9	1
"ATP6V0E1"	-19.6	1
"UNC13A"	-18.2	1
"HTR4"	-17	1
"DNM3"	-14.7	1
"PIK3R1"	-19.7	2
"PLEKHA2"	-21	1
"TNKS"	-16.3	1
"RNF130"	-18.5	1
"SKP1"	-15.1	1
"CREBRF"	-14	1
"COX6C"	-16.1	1
"ERGIC1"	-20.1	1
"CALCB"	-12.8	1
"CA1"	-14.2	1
"PCM1"	-16.1	1
"CTSC"	-18.1	2
"SLC6A5"	-19.1	1
"GUCY1A2"	-20.3	2
"ST5"	-15.6	1
"CACNA1E"	-18.2	1
"DDX10"	-18.8	2
"CHMP1B"	-15	1
"TRAF6"	-17.3	1
"CCDC67"	-11.1	1
"ATRNL1"	-17.4	3
"GRIA4"	-14.2	1
"AIM1L"	-10.7	1
"PIH1D2"	-14.5	1
"MS4A6A"	-19.9	1
"TMEM136"	-18.5	1
"KCNJ5"	-18	1
"SERPINH1"	-19.5	1
"FBXO3"	-18.1	1
"ALG9"	-16.6	1
"SPA17"	-17.2	1
"METTL12"	-16	1
"FAM118B"	-14.7	1
"NAALAD2"	-21	1
"NCAPD3"	-17.9	1
"CD84"	-17.8	3
"BUB1"	-16.1	1
"ZNF805"	-18	2
"PHB2"	-20.2	1
"DDAH1"	-21.6	1
"KIN"	-17.3	2
"DDX20"	-17.4	1
"FKBP5"	-16.7	1
"SESN3"	-18.5	1
"TMED3"	-15.2	1
"CDH7"	-12.5	1
"ZNF891"	-15.9	1
"EMP1"	-17.5	1
"BCL7A"	-16.3	1
"SOD2"	-28.1	1
"ABCC9"	-15.4	1
"CEP57"	-12.7	1
"FAM133A"	-12.7	1
"ALG10"	-15.1	1
"ADARB1"	-15.7	1
"HRASLS5"	-18.9	1
"SMAP2"	-16.1	1
"COPS3"	-16.7	1
"CREBRF"	-16.8	1
"WLS"	-15.1	1
"MTMR6"	-19.7	1
"NHSL2"	-19.4	1
"FHL5"	-19.5	1
"TRERF1"	-14.3	1
"ZNF662"	-19	2
"CELF5"	-18.5	1
"RASSF8"	-17.9	2
"AKAP7"	-13.3	1
"PREPL"	-17.6	1
"REEP1"	-15.9	1
"PDCD2"	-17.4	1
"TBC1D30"	-17	1
"FKBP5"	-17.6	2
"AP4S1"	-20.4	1
"ACTR2"	-13.5	1
"CNKSR2"	-17.4	1
"TRAPPC2P1"	-13.3	3
"HYOU1"	-14.5	1
"LATS1"	-16	3
"PPEF1"	-13.8	1
"ITGAM"	-14.3	1
"C12orf66"	-16.2	1
"ATXN3"	-16.8	1
"LAMTOR1"	-16.6	1
"ZNF273"	-14.3	1
"HIST2H2BF"	-16.9	1
"C16orf93"	-10.7	1
"DNAJB5"	-14.7	1
"SOX5"	-19.7	2
"ANKS1B"	-18.5	1
"MYL6"	-12.2	1
"CCDC41"	-15.3	1
"CNTN1"	-18.5	2
"ASH1L"	-16.9	2
"PPFIA2"	-15.1	1
"BICD1"	-13.3	1
"FRS2"	-14.6	2
"ACVRL1"	-17	1
"SPIC"	-16.4	1
"POTEM"	-19.9	1
"BICD1"	-15.2	1
"LIMA1"	-13.3	1
"PAH"	-19	1
"RP11-293M10.1"	-25.1	1
"GPATCH2L"	-16.3	1
"IFRG15"	-18	1
"AL163636.6"	-11.1	1
"LRP1"	-19.6	1
"NAA30"	-15.6	1
"GMFB"	-16.4	1
"RP11-204N11.1"	-17.3	1
"RBM23"	-19.7	1
"RNASE4"	-11.1	1
"NAA30"	-15.7	2
"GNG2"	-16.7	2
"AKAP6"	-16.8	1
"PAPOLA"	-20.9	1
"ENTPD5"	-17.7	1
"ESR2"	-17.5	1
"GDPGP1"	-16.8	1
"SHISA9"	-18.9	1
"ZNF280D"	-16.1	2
"SECISBP2L"	-15.6	1
"ITGB3"	-17.8	1
"CTD-2054N24.2"	-15.9	1
"TRPM7"	-16.5	1
"NETO2"	-16.7	1
"RP11-343C2.12"	-19.3	1
"CDIP1"	-17.2	1
"ERI2"	-17.2	1
"CHD9"	-15.9	1
"SNX29"	-17.2	1
"C16orf52"	-12.4	1
"CDH13"	-16.8	1
"GAN"	-25.1	1
"SPATA33"	-17.2	1
"CLUAP1"	-18.4	1
"RSL1D1"	-18	1
"ACSM2A"	-17.2	1
"PELP1"	-21.6	1
"SALL3"	-17.7	1
"RUNX2"	-21.1	2
"ATPAF1"	-19.4	1
"C17orf75"	-16.8	1
"ZNF207"	-17.2	1
"DYM"	-19.5	1
"DYNLL2"	-19.3	1
"AC011897.1"	-16.8	1
"SRSF1"	-17.5	1
"TLK2"	-20.8	1
"CBLN2"	-17.6	1
"CTB-54O9.9"	-17.8	1
"MBTD1"	-16.8	1
"ZNF793"	-16.9	1
"ZNF461"	-17.2	1
"ZNF519"	-15.3	1
"EML2"	-15.4	1
"WTIP"	-17.9	1
"ZNF573"	-19.4	3
"MAP2K6"	-18.7	1
"CTD-2162K18.4"	-17.6	1
"HKR1"	-15.7	1
"FAM198B"	-15	1
"ZNF233"	-16.6	1
"RAD51L3-RFFL"	-19.1	1
"ZNF493"	-19	1
"ZNF728"	-14	1
"FPR1"	-18.5	1
"ZNF99"	-15.9	2
"AC004899.1"	-17.1	1
"ZNF814"	-16.9	1
"ZNF677"	-17.6	1
"DKFZP434H0512"	-17.8	1
"ZNF431"	-14.7	1
"MEI4"	-15.4	1
"HIATL2"	-14.8	1
"HSPE1-MOB4"	-15.8	1
"MGAT4C"	-19.6	1
"FRK"	-23.4	1
"SIRT5"	-15.6	1
"HIST1H2BN"	-15.7	1
"SERAC1"	-13.4	1
"HEBP2"	-19.2	2
"CNKSR3"	-21.3	2
"GTF2H5"	-17.2	1
"HDDC2"	-20.1	1
"CFHR4"	-14	1
"GPRIN3"	-19.2	1
"GRIN2B"	-19.8	3
"KCNJ6"	-16.9	2
